BOROUGH,Cultural Venue Type,site_name,address1,address2,address3,borough_code,borough_name,latitude,longitude,easting,northing,os_addressbase_uprn,ward_2018_code,ward_2018_name,website,gss_code,runtime
Haringey,Archives,Alexandra Park and Palace Charitable Trust,Alexandra Palace Way,,,E09000014,Haringey,51.59448347351189,-0.13050142940269552,529591.9647652127,190058.9211693263,10003974918,E05000266,Alexandra,http://www.alexandrapalace.com/,E09000014,12/27/2020
Haringey,Archives,Moravian Church Archive and Library,Moravian Church House 5-7 Muswell Hill,,,E09000014,Haringey,51.587513635701356,-0.13441069250566057,529340.9648349099,189276.92138046736,10003979924,E05000274,Muswell Hill,http://www.moravian.org.uk/index.php/church-house/church-archives,E09000014,12/27/2020
Haringey,Archives,Evangelical Library,5/6 Gateway Mews,Ringway Bounds Green,,E09000014,Haringey,51.60960732035999,-0.134372069892001,529280.9648483905,191733.9207106991,10003984141,E05000267,Bounds Green,http://www.evangelical-library.org.uk/,E09000014,12/27/2020
Haringey,Archives,George Padmore Institute,76 Stroud Green Road,,,E09000014,Haringey,51.568130876667404,-0.10944747072564008,531125.9643492091,187165.92195494933,100023000000,E05000279,Stroud Green,https://www.georgepadmoreinstitute.org/,E09000014,12/27/2020
Haringey,Archives,Highgate School Archives,Highgate School North Road,,,E09000014,Haringey,51.572201741067225,-0.14932404470129293,528350.9651043247,187547.92184958165,100023000000,E05000272,Highgate,https://www.highgateschool.org.uk/about/museum-and-archive,E09000014,12/27/2020
Haringey,Archives,Haringey Archive Service,Bruce Castle Museum ,Lordship Lane ,,E09000014,Haringey,51.59915010108335,-0.07544090511867615,533391.9637340679,190676.9210001686,100024000000,E05000283,White Hart Lane,https://www.haringey.gov.uk/libraries-sport-and-leisure/culture-and-entertainment/visiting-haringey/haringey-archive-and-local-history,E09000014,12/27/2020
Haringey,Artists workspaces,"Park Sudios, Finsbury Park",Park Sudios,34 Scarborough Road,,E09000014,Haringey,51.570581866915084,-0.10641653372193136,531328.9642934933,187443.92187815392,100023190785,E05000279,Stroud Green,http://www.parkstudioslondon.org/,E09000014,12/27/2020
Haringey,Artists workspaces,,199 Eade Road,,,E09000014,Haringey,51.57495228187851,-0.08813787733316791,532582.9639540517,187962.92173737858,10003975439,E05000278,Seven Sisters,http://www.newriverstudios.com/,E09000014,12/27/2020
Haringey,Artists workspaces,,718 Seven Sisters Rd,,,E09000014,Haringey,51.5804164002186,-0.07803631833449517,533266.963769024,188588.92156761413,100000000000,E05000277,St. Ann's,https://www.pjrcreativebuilding.co.uk/,E09000014,12/27/2020
Haringey,Artists workspaces,Carvall Warehouse ,Bernard Works,23 Bernard Road ,,E09000014,Haringey,51.58210093470421,-0.06836678133465894,533931.9635873863,188793.9215100659,10003978049,E05000280,Tottenham Green,www.themillcoproject.co.uk,E09000014,12/27/2020
Haringey,Artists workspaces,,Unit 7,2 Norman Rd,,E09000014,Haringey,51.582542214585104,-0.06840582028451359,533927.9635885853,188842.9214965367,10093591482,E05000280,Tottenham Green,https://www.pjrcreativebuilding.co.uk/,E09000014,12/27/2020
Haringey,Artists workspaces,,60-68 Markfield Road,,,E09000014,Haringey,51.58343970635787,-0.0639363863477529,534234.963505703,188950.92146678787,10090481197,E05000280,Tottenham Green,http://bonesandpearl.moonfruit.com/contact/4589196098,E09000014,12/27/2020
Haringey,Artists workspaces,Euro Art Studios,"Units 4-6 Gaunson House, Markfield Road",,,E09000014,Haringey,51.58375702015042,-0.06354760941091742,534260.9634987274,188986.92145687935,200002797261,E05000280,Tottenham Green,www.euroart.co.uk,E09000014,12/27/2020
Haringey,Artists workspaces,Gaunson House ,"Unit 3, Markfield Road ",,,E09000014,Haringey,51.583766006437486,-0.06354722770264615,534260.9634987286,188987.92145660426,200000000000,E05000280,Tottenham Green,www.themillcoproject.co.uk,E09000014,12/27/2020
Haringey,Artists workspaces,,Chocolate Factory 2,4 Coburg Road,,E09000014,Haringey,51.59419545068255,-0.11307267593858954,530799.9644386831,190057.92116806656,10022939979,E05000275,Noel Park,www.collage-arts.org,E09000014,12/27/2020
Haringey,Arts centres,Bernie Grant Arts Centre ,Town Hall Approach Rd ,Tottenham Green,,E09000014,Haringey,51.587475025787676,-0.07307594316383216,533589.9636804023,189382.92135030223,10003985252,E05000280,Tottenham Green,https://www.berniegrantcentre.co.uk/,E09000014,12/27/2020
Haringey,Arts centres,Jacksons Lane ,269A Archway Rd,Highgate,,E09000014,Haringey,51.57668107136611,-0.1454041617417178,528609.9650331642,188052.92171329266,100023196841,E05000272,Highgate,https://www.jacksonslane.org.uk/,E09000014,12/27/2020
Haringey,Cinemas,Crouch End Picturehouse,,165 Tottenham Lane,,E09000014,Haringey,51.58140391743415,-0.12064586573933259,530311.964691343,188621.92167999502,100023207152,E05000269,Crouch End,,E09000014,12/27/2020
Haringey,Cinemas,Arthouse Crouch End,,159A Tottenham Lane,Crouch End,E09000014,Haringey,51.58183362620969,-0.11996419698498999,530357.9646785245,188670.92166666687,100023208418,E05000269,Crouch End,,E09000014,12/27/2020
Haringey,Cinemas,Everyman Muswell Hill,,Fortis Green Rd,,E09000014,Haringey,51.58960664839512,-0.14619162469620622,528518.9651806729,189488.92144526268,100023143835,E05000274,Muswell Hill,,E09000014,12/27/2020
Haringey,Cinemas,Cineworld Wood Green,The Mall Wood Green,High Rd,Wood Green,E09000014,Haringey,51.594552360051004,-0.10954952820054943,531042.9644951356,190103.92127798568,010003977027,E05000275,Noel Park,,E09000014,12/27/2020
Haringey,Cinemas,Vue Wood Green,Hollywood Green,180 High Road,,E09000014,Haringey,51.59685806012839,-0.10865972600022608,531097.9644803049,190361.92120839522,010003971546,E05000275,Noel Park,,E09000014,12/27/2020
Haringey,Commercial galleries,Narenj Art Gallery,94 Alexandra Park Road,NA,NA,E09000014,Haringey,51.598353976368024,-0.13865938123441307,529015.9650455614,190474.9211782638,100023143066,E05000266,Alexandra,http://www.narenj.co.uk/#,E09000014,12/27/2020
Haringey,Commercial galleries,Highgate Contemporary Art,26 Highgate High Street,NA,NA,E09000014,Haringey,51.57061837663757,-0.1464301096357511,528555.9651714028,187376.92201864737,100023196853,E05000272,Highgate,http://www.highgateart.com/#,E09000014,12/27/2020
Haringey,Community centres,Milton Road Community Centre,Milton Road,London Borough Of Haringey,NA,E09000014,Haringey,51.58875698363782,-0.0998292284460054,531732.9643070457,189476.92144889297,10003979907,E05000282,West Green,,E09000014,12/27/2020
Haringey,Community centres,Mitalee Centre,Stanley Road,London Borough Of Haringey,NA,E09000014,Haringey,51.58613180002232,-0.09709499324719113,531929.9642530492,189189.9215273307,10003982757,E05000277,St. Ann's,,E09000014,12/27/2020
Haringey,Community centres,Kurdish Advice Centre,1 Eastfield Road,London Borough Of Haringey,NA,E09000014,Haringey,51.589719454518566,-0.12105357122706537,530259.9647060252,189545.92142911896,10022939793,E05000273,Hornsey,,E09000014,12/27/2020
Haringey,Community centres,Park Lane Community Centre,46 Park Lane,London Borough Of Haringey,NA,E09000014,Haringey,51.602142435350245,-0.06493178681179115,534110.9636597886,191028.9210276337,100023163085,E05000276,Northumberland Park,,E09000014,12/27/2020
Haringey,Community centres,Selby Centre,Selby Road,London Borough Of Haringey,NA,E09000014,Haringey,51.60827398049576,-0.07852123963707679,533151.9639197511,191685.92084609385,100023166236,E05000283,White Hart Lane,,E09000014,12/27/2020
Haringey,Community centres,Lord Morrison Hall,Scales Road,London Borough Of Haringey,NA,E09000014,Haringey,51.59122618829945,-0.06769117732220278,533951.9637031368,189809.92135668342,100023166637,E05000281,Tottenham Hale,,E09000014,12/27/2020
Haringey,Community centres,Haringey Grove Community Centre,Denmark Road,London Borough Of Haringey,NA,E09000014,Haringey,51.58756935622951,-0.10924739651860617,531083.9644821738,189327.9214890389,100023205171,E05000271,Harringay,,E09000014,12/27/2020
Haringey,Community centres,Whitehall & Tenterden Community Centre,Whitehall Street,London Borough Of Haringey,NA,E09000014,Haringey,51.60373204653655,-0.06971634018187593,533774.9637510618,191196.9209816613,200002798089,E05000276,Northumberland Park,,E09000014,12/27/2020
Haringey,Community centres,Turkish Cypriot Community Association,628-630 Green Lanes,London Borough Of Haringey,NA,E09000014,Haringey,51.58555759656634,-0.09994820803466897,531733.9643056726,189120.92154641915,100023204574,E05000271,Harringay,http://www.tcca.org/,E09000014,12/27/2020
Haringey,Community centres,Winkfield Day Centre for the Deaf and Blind,31-35 Winkfield Road,London Borough Of Haringey,NA,E09000014,Haringey,51.60049346881307,-0.10491330569891334,531346.9644130922,190772.9210979381,100023553117,E05000284,Woodside,https://www.haringey.gov.uk/social-care-and-health/physical-disabilities-and-sensory-impairment/winkfield-resource-centre-services,E09000014,12/27/2020
Haringey,Community centres,West Indian Cultural Centre,Clarendon Road Off Hornsey Park Road,London Borough Of Haringey,NA,E09000014,Haringey,51.58926114256647,-0.11099613271403273,530957.9645169193,189512.92143839452,10003975935,E05000275,Noel Park,http://www.aclc.org.uk/,E09000014,12/27/2020
Haringey,Community centres,Chestnuts Community Centre,St Anns Road,London Borough Of Haringey,NA,E09000014,Haringey,51.581911200740784,-0.08861097738201114,532529.9640915683,188735.92165061197,10003976195,E05000277,St. Ann's,http://chestnutscommunitycentre.org.uk/,E09000014,12/27/2020
Haringey,Community centres,Cypriot Community Centre and Banqueting Suites,Earlham Grove,London Borough Of Haringey,NA,E09000014,Haringey,51.60287263222009,-0.11080704299475555,530931.9645257494,191026.9210280028,100023178205,E05000284,Woodside,http://www.cypriotcentre.co.uk/,E09000014,12/27/2020
Haringey,Community centres,Jacksons Lane Arts Centre,269 Archway Road,London Borough Of Haringey,NA,E09000014,Haringey,51.57668107243556,-0.14540415993600808,528609.9651552646,188052.92183539225,100023196841,E05000272,Highgate,https://www.jacksonslane.org.uk/,E09000014,12/27/2020
Haringey,Community centres,Hornsey Vale Community Centre,60 Mayfield Road,London Borough Of Haringey,NA,E09000014,Haringey,51.58041620363908,-0.11345555040393959,530812.9645547637,188524.9217065341,100023208251,E05000279,Stroud Green,https://www.hornseyvale.org/,E09000014,12/27/2020
Haringey,Community centres,Haringey Irish Cultural and Community Centre,Pretoria Road,London Borough Of Haringey,NA,E09000014,Haringey,51.60755532349282,-0.07144609140750491,533643.9637865697,191618.92086529196,100023552672,E05000276,Northumberland Park,https://www.haringey-irish.com/hirefacilities.html,E09000014,12/27/2020
Haringey,Community centres,Sky City Community Centre,50 Mayes Road,London Borough Of Haringey,NA,E09000014,Haringey,51.59423504405004,-0.10938944470011701,531054.9644918907,190068.9212874499,100023178699,E05000275,Noel Park,https://www.metropolitan.org.uk/images/centre-profile_Sky-City2.pdf,E09000014,12/27/2020
Haringey,Community centres,Freehold Community Centre,9 Alexandra Road,Barnet,NA,E09000014,Haringey,51.60794504400966,-0.14296092353847253,528690.9651313706,191533.92088806356,10003975973,E05000266,Alexandra,,E09000014,12/27/2020
Haringey,Community centres,Broadwater Farm Community Centre,Freedom Road,London Borough Of Haringey,NA,E09000014,Haringey,51.59571915752016,-0.0844798478951468,532775.9640238105,190278.92122803757,200002798041,E05000282,West Green,https://www.fusion-lifestyle.com/centres/broadwater-farm-community-centre/,E09000014,12/27/2020
Haringey,Community centres,London Borough of Haringey Neighbourhood Resource,179 Park Lane,London Borough Of Haringey,NA,E09000014,Haringey,51.60284806791994,-0.05974649108473281,534467.9635632178,191116.92100258474,100023163044,E05000276,Northumberland Park,https://www.haringey.gov.uk/libraries-sport-and-leisure/culture-and-entertainment/venues-hire/northumberland-park-resource-centre,E09000014,12/27/2020
Haringey,Community centres,Commerce Road Community Centre,52 Commerce Road,London Borough Of Haringey,NA,E09000014,Haringey,51.60261557357038,-0.1132725531400618,530761.9645717007,190993.92103670957,10022939252,E05000267,Bounds Green,,E09000014,12/27/2020
Haringey,Community centres,CUFOS,The Avenue,London Borough Of Haringey,NA,E09000014,Haringey,51.59477581971053,-0.13191876464107716,529492.9649142001,190088.92128344934,10003980036,E05000266,Alexandra,,E09000014,12/27/2020
Haringey,Community centres,Bridge Community Hut,Tewkesbury Road,London Borough Of Haringey,NA,E09000014,Haringey,51.57629593638204,-0.08561366270127797,532753.9640306665,188116.92181813787,10090477947,E05000278,Seven Sisters,,E09000014,12/27/2020
Haringey,Community centres,Haringey Chinese Centre,211 Langham Road,London Borough Of Haringey,NA,E09000014,Haringey,51.590633654797244,-0.10132453671273149,531623.9643374166,189682.92139265087,100023151310,E05000282,West Green,http://www.haringeychinesecentre.org.uk/,E09000014,12/27/2020
Haringey,Community centres,Kurdish Community Centre,11 Portland Gardens,London Borough Of Haringey,NA,E09000014,Haringey,51.57782730209891,-0.096821098215617,531972.9642400078,188266.92177632515,100023184436,E05000277,St. Ann's,https://www.facebook.com/KurdishCommunityCentre?pnref=story,E09000014,12/27/2020
Haringey,Community centres,I Can Care Centre,Woodside House, Woodside Park, 294 High Road,E09000014,Haringey,51.60364430062091,-0.11070282616665761,530936.9645245764,191112.92100460868,100021190383,E05000284,Woodside,,E09000014,12/27/2020
Haringey,Community centres,The Sandbunker Community Centre,The Sandbunker Community Centre,The Sandlings,London,E09000014,Haringey,51.59359240581189,-0.10300590330450447,531498.9643719268,190008.92130405054,100021212549,E05000275,Noel Park,https://haricare.haringey.gov.uk/adults/cat/vendor/3092,E09000014,12/27/2020
Haringey,Creative co-working desk space,Areaworks,Areaworks Manor House,Unit 5 Manor House,2 Overbury Road,E09000014,Haringey,51.5760363886136,-0.08734195794389252,532634.9640624785,188084.9218265314,10090477296,E05000278,Seven Sisters,http://areaworks.com/,E09000014,12/27/2020
Haringey,Creative co-working desk space,The Chocolate Factory,The Chocolate Factory,Clarendon Road,Wood Green,E09000014,Haringey,51.59455718833199,-0.11487684136409397,530673.9645948266,190094.92128002917,10093591064,E05000275,Noel Park,,E09000014,12/27/2020
Haringey,Creative co-working desk space,Papertank Collective,Papertank Collective,Unit 12 Millmead Industrial Estate,Millmead Road,E09000014,Haringey,51.592565120426514,-0.057297242213098294,534667.9635075685,189977.92131040728,100023166838,E05000281,Tottenham Hale,http://www.papertankcollective.com/?COLLCC=2285603521,E09000014,12/27/2020
Haringey,Creative workspaces,Ten87 Studios,Ten87 Studios,39a Markfield Road,,E09000014,Haringey,51.583123880828666,-0.06496020924081507,534164.9636466806,188913.92159906507,10022939575,,,http://ten87studios.com,E09000014,12/27/2020
Haringey,Creative workspaces,Blue House Yard,Blue House Yard,5 River Park Road,,E09000014,Haringey,51.59705508674956,-0.1119579618132477,530868.9645421713,190377.92120375304,10003979415,,,https://www.bluehouseyard.com/,E09000014,12/27/2020
Haringey,Creative workspaces,The Mill Co. Project,Carvall Warehouse,Bernard Works,23 Bernard Road,E09000014,Haringey,51.582558955419934,-0.06778443806135057,533970.9636990292,188845.9216177878,10003979581,,,www.themillcoproject.co.uk,E09000014,12/27/2020
Haringey,Creative workspaces,Bernie Grant Centre,Bernie Grant Arts Centre,Bernie Grant Arts Centre,Town Hall Approach Road,E09000014,Haringey,51.58747502685594,-0.07307594135607282,533589.9638025035,189382.92147240083,10003985252,,,https://www.berniegrantcentre.co.uk/hire/workspace/,E09000014,12/27/2020
Haringey,Creative workspaces,The Mill Co. Project,The Cannon Factory,16 Ashley Road,,E09000014,Haringey,51.59043779874904,-0.06187776029363807,534356.9635929215,189732.9213770872,10022940861,,,www.themillcoproject.co.uk,E09000014,12/27/2020
Haringey,Creative workspaces,The Mill Co. Project,Gaunson House,"Unit 3, Markfield Road",,E09000014,Haringey,51.58376576930409,-0.06353280134920912,534261.9636205579,188987.9215787041,10093592040,,,www.themillcoproject.co.uk,E09000014,12/27/2020
Haringey,Creative workspaces,So&so,So&so@ The  Manor,The Manor,"Florentia Clothing Village, Vale Road",E09000014,Haringey,51.57663861558171,-0.08842796119509884,532557.9640831917,188149.92180881783,100023183313,,,https://www.soandsomanor.co.uk,E09000014,12/27/2020
Haringey,Creative workspaces,New River Studios,New River Studios,199 Eade Road,,E09000014,Haringey,51.57495228294703,-0.08813787552627506,532582.9640761513,187962.92185947794,100023184381,,,http://www.newriverstudios.com/,E09000014,12/27/2020
Haringey,Dance performance venues,Alexandra Palace,33 Alexandra Palace Way,,,E09000014,Haringey,51.59448347351189,-0.13050142940269552,529591.9647652127,190058.9211693263,10003974918,E05000266,Alexandra,http://www.alexandrapalace.com,E09000014,12/27/2020
Haringey,Dance performance venues,Bernie Grant Arts Centre,Town Hall Approach,,,E09000014,Haringey,51.587475025787676,-0.07307594316383216,533589.9636804023,189382.92135030223,10003985252,E05000280,Tottenham Green,http://www.berniegrantcentre.co.uk,E09000014,12/27/2020
Haringey,Dance performance venues,Jacksons Lane,269A Archway Road,,,E09000014,Haringey,51.57668107136611,-0.1454041617417178,528609.9650331642,188052.92171329266,100023196841,E05000272,Highgate,www.jacksonslane.org.uk/space-hire,E09000014,12/27/2020
Haringey,Dance performance venues,Upstairs at the Gatehouse,1 North Road,,,E09000014,Haringey,51.5717955026533,-0.1503651244053542,528279.9651236581,187500.92186210194,100023194241,E05000272,Highgate,http://www.upstairsatthegatehouse.com,E09000014,12/27/2020
Haringey,Dance rehearsal studios,Mill Mead Rehearsal Studios,16 Millmead Business Centre,,,E09000014,Haringey,51.591908454284194,-0.056199156816526326,534745.9633642206,189906.9212074221,10003979046,E05000281,Tottenham Hale,http://www.ballystudios.co.uk,E09000014,12/27/2020
Haringey,Dance rehearsal studios,New London Performing Arts Centre,76 St James Lane,,,E09000014,Haringey,51.58814492103966,-0.1396250556346096,528977.9649332671,189337.9213641191,10003973500,E05000274,Muswell Hill,http://www.nlpac.co.uk,E09000014,12/27/2020
Haringey,Dance rehearsal studios,The Annex,7 Fountayne Road,,,E09000014,Haringey,51.58371266793974,-0.062495764035325134,534333.9634789616,188983.92145773687,10090478351,E05000280,Tottenham Green,http://www.theannexspace.com/tohire/,E09000014,12/27/2020
Haringey,Dance rehearsal studios,The Room,33 Holcombe Road,,,E09000014,Haringey,51.592791633785374,-0.06501159439450442,534132.963531459,189988.9211861099,100021191820,E05000281,Tottenham Hale,http://the-room.org.uk/contact/,E09000014,12/27/2020
Haringey,Dance rehearsal studios,Bernie Grant Arts Centre,Town Hall Approach,,,E09000014,Haringey,51.587475025787676,-0.07307594316383216,533589.9636804023,189382.92135030223,10003985252,E05000280,Tottenham Green,http://www.berniegrantcentre.co.uk,E09000014,12/27/2020
Haringey,Dance rehearsal studios,Jacksons Lane,269A Archway Road,,,E09000014,Haringey,51.57668107136611,-0.1454041617417178,528609.9650331642,188052.92171329266,100023196841,E05000272,Highgate,www.jacksonslane.org.uk/space-hire,E09000014,12/27/2020
Haringey,Dance rehearsal studios,Upstairs at the Gatehouse,1 North Road,,,E09000014,Haringey,51.5717955026533,-0.1503651244053542,528279.9651236581,187500.92186210194,100023194241,E05000272,Highgate,http://www.upstairsatthegatehouse.com,E09000014,12/27/2020
Haringey,Fashion and design,Lindsey Tait,Unit 10,5 Fountayne Road,,E09000014,Haringey,51.58407990997171,-0.06240797919262977,534338.9634775613,189024.92144657916,10003982936,E05000280,Tottenham Green,http://www.lindseytaitdesign.com/,E09000014,12/27/2020
Haringey,Fashion and design,Tide Samples,Florentia Clothing Village,Vale Road,,E09000014,Haringey,51.576638614513186,-0.08842796300206471,532557.9639610918,188149.92168671748,1.00023E+11,E05000278,Seven Sisters,http://tidesampleslondon.freeindex.co.uk/,E09000014,12/27/2020
Haringey,Fashion and design,Lemon Head Prints,Unit B003,The Chocolate Factory,5 Clarendon Road,E09000014,Haringey,51.594566405647875,-0.11489089940857772,530672.9644729978,190095.92115765874,10003979446,E05000275,Noel Park,http://www.lemonheadprints.co.uk/,E09000014,12/27/2020
Haringey,Fashion and design,London Garment Services,Unit 2 Guillemot Place,Clarendon Road,,E09000014,Haringey,51.59511823021981,-0.11453599291393242,530695.9644667875,190157.92114091164,1.00023E+11,E05000275,Noel Park,http://www.londongarmentservices.com,E09000014,12/27/2020
Haringey,Fashion and design,Fashion Cube Ltd,Unit 6,41 West Road,,E09000014,Haringey,51.6072631927448,-0.0586484345108163,534530.9634244182,191609.92074578244,10022938315,E05000276,Northumberland Park,http://www.fashioncubelondon.co.uk/,E09000014,12/27/2020
Haringey,Fashion and design,Fashion Enter Ltd,Unit 14,167 Hermitage Road,,E09000014,Haringey,51.577036553629604,-0.09132658187430216,532355.964015236,188188.92167581804,1.00023E+11,E05000278,Seven Sisters,http://www.fashion-enter.com,E09000014,12/27/2020
Haringey,Fashion and design,London Sewing Services,Unit 3 Neville Place,High Road,,E09000014,Haringey,51.60133137441281,-0.1128203623704102,530796.9644397807,190851.9209532707,10003975775,E05000267,Bounds Green,http://londonsewingservices.com/,E09000014,12/27/2020
Haringey,Fashion and design,Unlimited Fashion ,Unit A4 Bounds Green Industrial Estate, Ring Way,,E09000014,Haringey,51.61020511254794,-0.13634062485662965,529142.9648861436,191796.92069363862,1.00023E+11,E05000267,Bounds Green,http://www.unlimitedfashion.co.uk/,E09000014,12/27/2020
Haringey,Fashion and design,Rosamanda,Unit D3,15 Tariff Road,,E09000014,Haringey,51.60746347343449,-0.061513860628703385,534331.9634782484,191626.92074123048,10003979472,E05000276,Northumberland Park,https://www.rosamandapleaters.com,E09000014,12/27/2020
Haringey,Fashion and design,The Albion Knitting Company,Unit 12 Crusader Industrial Estate,Hermitage Road,,E09000014,Haringey,51.577336391092004,-0.09151607968061978,532341.9640190356,188221.92166690686,1.00024E+11,E05000278,Seven Sisters,http://www.albionknit.london/,E09000014,12/27/2020
Haringey,Fashion and design,Msample Ltd,Unit U15 Highcross Centre,15-16 Fountayne Road,,E09000014,Haringey,51.58565367575575,-0.062413243043223716,534333.9634784692,189199.92139923066,10003976574,E05000280,Tottenham Green,http://www.msamplelondon.com/,E09000014,12/27/2020
Haringey,Fashion and design,IrkArt,Claire House,2 Elizabeth Place,,E09000014,Haringey,51.58787190510496,-0.08137409853047746,533013.9638372991,189411.92134303442,1.00021E+11,E05000280,Tottenham Green,http://irkart-eu.wix.com/pattern-cutter,E09000014,12/27/2020
Haringey,Jewellery design,Hamilton Horn Limited,Pound House,62a Highgate High Street,,E09000014,Haringey,51.57090129592628,-0.14783278990426035,528457.9651978464,187405.92201049137,10022936245,E05000272,Highgate,,E09000014,12/27/2020
Haringey,Jewellery design,Jonathan Lerer Ltd,26 Belmont Road,,,E09000014,Haringey,51.58764645204225,-0.09401470900599386,532138.9641967858,189363.92147934996,200002506415,E05000282,West Green,,E09000014,12/27/2020
Haringey,Jewellery design,M/G Jewellery Ltd,"Unit 5, C. City, 39 - 41",Markfield Road,,E09000014,Haringey,51.583123880828666,-0.06496020924081507,534164.9636466806,188913.92159906507,10022939575,E05000280,Tottenham Green,,E09000014,12/27/2020
Haringey,Jewellery design,Tanospitfire&Co Ltd,5b Gloucester Road,,,E09000014,Haringey,51.58912074780715,-0.08185564179162082,532976.9639690011,189549.92142727016,100023164907,E05000268,Bruce Grove,,E09000014,12/27/2020
Haringey,Jewellery design,Verita Designs Limited,393 Lordship Lane,,,E09000014,Haringey,51.59781607861106,-0.09009498864540695,532380.9641321623,190501.92116860725,100023164097,E05000282,West Green,,E09000014,12/27/2020
Haringey,Legal street art walls,Markfield Park,,,,E09000014,Haringey,51.58300451913227,-0.06287470623267272,534309.7957853775,188904.47727960855,,E05000280,Tottenham Green,,E09000014,12/27/2020
Haringey,Legal street art walls,Alexandra Palace,,,,E09000014,Haringey,51.59606981730947,-0.13248098618379253,529450.349504185,190231.82512239402,,E05000266,Alexandra,http://www.alexandrapalace.com/skate-park/,E09000014,12/27/2020
Haringey,LGBT+ night time venues,The Cause (Regular LGBTQ+ Programming),Ashley House,,,,Haringey,51.58998341564052,-0.062176540655198426,534337.6062762302,189681.8426688271,,,,,E09000014,12/27/2020
Haringey,Libraries,Stroud Green and Harringay Library,Stapleton Hall Road,,,E09000014,Haringey,51.57755056141545,-0.10638685951042604,531310.9644191521,188218.92178888974,100023191010,E05000279,Stroud Green,,E09000014,12/27/2020
Haringey,Libraries,Hornsey Library,Haringey Park,,,E09000014,Haringey,51.578267895431274,-0.12191534598341668,530232.9647139233,188270.92177567317,10022939468,E05000269,Crouch End,,E09000014,12/27/2020
Haringey,Libraries,St Ann's Library,Cissbury Road,,,E09000014,Haringey,51.58091977089422,-0.08296577528949091,532923.963985097,188635.92167747236,100023153820,E05000277,St. Ann's,,E09000014,12/27/2020
Haringey,Libraries,Marcus Garvey Library,Philip Lane,,,E09000014,Haringey,51.588183086512714,-0.07402762833953754,533521.9638208551,189459.9214515501,100023153172,E05000280,Tottenham Green,,E09000014,12/27/2020
Haringey,Libraries,Muswell Hill Library,Queens Avenue,,,E09000014,Haringey,51.591126776373095,-0.14337233563274912,528709.9651284715,189662.92139858822,100023143844,E05000270,Fortis Green,,E09000014,12/27/2020
Haringey,Libraries,Wood Green Central Library and Customer Services,High Road,,,E09000014,Haringey,51.595524986872,-0.10963910729806377,531033.9644975793,190211.9212488109,100023178365,E05000275,Noel Park,,E09000014,12/27/2020
Haringey,Libraries,Alexandra Park Library,Alexandra Park Road,,,E09000014,Haringey,51.598836909356756,-0.13679143760399162,529143.9650108692,190531.92116270924,100023179968,E05000266,Alexandra,,E09000014,12/27/2020
Haringey,Libraries,Coombes Croft Library,High Road,,,E09000014,Haringey,51.603654597659336,-0.06828998353506407,533873.9637240175,191190.92098362453,100023165934,E05000276,Northumberland Park,,E09000014,12/27/2020
Haringey,Makerspaces,Down Lane Studios,Down Lane Studio,Ashley House,Ashley House,E09000014,Haringey,51.5899563629862,-0.06212922482458336,534340.9634753241,189678.92126961472,100023000000,E05000281,Tottenham Hale,https://www.downlanestudios.com,E09000014,12/27/2020
Haringey,Makerspaces,North London Darkroom,North London Darkroom,Unit 3d,Milmead Industrial Centre,E09000014,Haringey,51.59152140035551,-0.05780374008943574,534635.9633943858,189860.92122002528,10003976077,E05000281,Tottenham Hale,http://www.londondarkroom.com,E09000014,12/27/2020
Haringey,Makerspaces,The Fashion Box,The Fashion Box,Unit 4,718-722 Seven Sister Road,E09000014,Haringey,51.5804164002186,-0.07803631833449517,533266.963769024,188588.92156761413,100023000000,E05000277,St. Ann's,https://www.thefashionbox.co.uk/contact,E09000014,12/27/2020
Haringey,Making and manufacturing,Furnells,Unit 5 Crusader Industrial Estate,167 Hermitage Road,,E09000014,Haringey,51.57673266203832,-0.09144032877162075,532348.9641391595,188154.92180705932,10003976593,E05000278,Seven Sisters,https://www.furnells.com,E09000014,12/27/2020
Haringey,Museums and public galleries,Bruce Castle Museum,Bruce Castle Museum,Lordship Lane,NA,E09000014,Haringey,51.59915010215165,-0.0754409033104723,533391.9638561665,190676.92112226982,100023552396,E05000283,White Hart Lane,http://www.haringey.gov.uk/leisure/brucecastlemuseum,E09000014,12/27/2020
Haringey,Music (office based businesses),Craft Productions Ltd,26 Pemberton Road,,,E09000014,Haringey,51.58030478012331,-0.10376106050570201,531484.9643718896,188529.9217050402,100000000000,E05000271,Harringay,,E09000014,12/27/2020
Haringey,Music (office based businesses),Around The Way Music Publishing Ltd,43 Inderwick Road,,,E09000014,Haringey,51.578881668204,-0.11421183347085692,530764.9645683104,188352.92175249726,100000000000,E05000279,Stroud Green,,E09000014,12/27/2020
Haringey,Music (office based businesses),Moorish Music Ltd,1 Pemberton Road,,,E09000014,Haringey,51.5805209040494,-0.10489229683461226,531405.9643934158,188551.92169910803,100000000000,E05000271,Harringay,,E09000014,12/27/2020
Haringey,Music (office based businesses),Cfn Records Ltd,29 Elmar Road,,,E09000014,Haringey,51.58466968267699,-0.0824183066993296,532950.9639779385,189053.92156307865,100000000000,E05000280,Tottenham Green,,E09000014,12/27/2020
Haringey,Music (office based businesses),Cala Records Ltd,17 Shakespeare Gardens,,,E09000014,Haringey,51.586733307911004,-0.1578858030400095,527716.9653972327,189148.92153575487,10003973212,E05000270,Fortis Green,www.calarecords.com,E09000014,12/27/2020
Haringey,Music (office based businesses),R2 Records Ltd,34 Stanmore Road,,,E09000014,Haringey,51.5880081649124,-0.09635259154058949,531975.9642410551,189399.92146916472,100000000000,E05000282,West Green,,E09000014,12/27/2020
Haringey,Music (office based businesses),Sintra Records Ltd,64 Alexandra Gardens,,,E09000014,Haringey,51.58946807856818,-0.13913793429785365,529007.9650469066,189485.92144603666,100000000000,E05000274,Muswell Hill,,E09000014,12/27/2020
Haringey,Music (office based businesses),Guerrero Records Ltd,4 Jansons Road,,,E09000014,Haringey,51.58895644253017,-0.07676665069217439,533329.9638730313,189540.92142910557,100000000000,E05000280,Tottenham Green,,E09000014,12/27/2020
Haringey,Music (office based businesses),Dongola Records Ltd,52 Dongola Road,,,E09000014,Haringey,51.59080760875149,-0.07998004848418135,533101.963934458,189740.92137440044,100000000000,E05000268,Bruce Grove,,E09000014,12/27/2020
Haringey,Music (office based businesses),Bright Pink Records Ltd,82 Alexandra Road,,,E09000014,Haringey,51.592647439154085,-0.10796830652712125,531157.9644641394,189894.92133400473,100000000000,E05000275,Noel Park,,E09000014,12/27/2020
Haringey,Music (office based businesses),D'metri Reality Entertainment Records Ltd,15 Willan Road,,,E09000014,Haringey,51.593954442474256,-0.08049709346879735,533056.9639467061,190089.9212793855,100000000000,E05000282,West Green,,E09000014,12/27/2020
Haringey,Music (office based businesses),Deaf Fret Management Ltd,12 Rosebery Mews,Rosebery Road,,E09000014,Haringey,51.598314887876896,-0.1378957141077903,529068.9650311996,190471.92117858067,10003976660,E05000266,Alexandra,,E09000014,12/27/2020
Haringey,Music (office based businesses),Musicbooky Ltd,13 Perth Road,,,E09000014,Haringey,51.599986371979966,-0.1008047218469487,531632.9643358596,190723.92111085547,100000000000,E05000284,Woodside,,E09000014,12/27/2020
Haringey,Music (office based businesses),String Tree Records Ltd,21 Melrose Avenue,,,E09000014,Haringey,51.600415630938976,-0.09788445587271513,531833.9642813567,190776.9210957584,100000000000,E05000284,Woodside,,E09000014,12/27/2020
Haringey,Music (office based businesses),Iridescent Music Ltd,452 White Hart Lane,,,E09000014,Haringey,51.606797692284054,-0.0888805576663661,532438.9641147654,191502.92089560418,100000000000,E05000283,White Hart Lane,,E09000014,12/27/2020
Haringey,Music recording studios,The Cave Studios,Unit 58 Millmead Industrial Estate,Mill Mead Road,,,Haringey,51.592234189442635,-0.055797173957141455,534772.8442128832,189943.8859390656,,,,,E09000014,12/27/2020
Haringey,Music recording studios,The Church,145H Crouch Hill,Crouch Hill,,,Haringey,51.57759747287185,-0.12359305412857906,530118.6326660677,188193.3828313289,,,,http://www.thechurchstudios.com/,E09000014,12/27/2020
Haringey,Music recording studios,Snap Studios,167 Hermitage Road,Harringey Warehouse District,,,Haringey,51.57604312661884,-0.09152122410514689,532345.3591428045,188078.09634573152,,,,http://www.snapstudios.co.uk/,E09000014,12/27/2020
Haringey,Music recording studios,Konk Studios,84-86 Tottenham Lane,,,,Haringey,51.58532459793965,-0.1148626420810782,530701.4087881731,189068.24017348076,,,,https://www.konkstudios.com/,E09000014,12/27/2020
Haringey,Music recording studios,Livingston Recording Studios Ltd,Unit 1 Brook Road,,,E09000014,Haringey,51.59353061849633,-0.11255159059758785,530837.9645506067,189984.92130942934,10003979584,E05000275,Noel Park,http://www.livingstonstudios.co.uk,E09000014,12/27/2020
Haringey,Music recording studios,Shockwave Studios Ltd,23 Crown Close,Winkfield Road,,E09000014,Haringey,51.598964629261324,-0.1037929079470126,531428.9643910162,190604.92114286026,10003972997,E05000284,Woodside,www.shockwavestudios.co.uk,E09000014,12/27/2020
Haringey,Music rehearsal studios,Bally Studios,Unit 16 Mill Mead Industrial Centre,Mill Mead Road,,E09000014,HARINGEY,51.59189922901153,-0.056185113201700686,534746.9633639512,189905.921207692,100023166840,E05000281,Tottenham Hale,www.ballystudios.co.uk,E09000014,12/27/2020
Haringey,Music rehearsal studios,New River Studios,199 Eade Rd,,,,Harringay,51.5748585639844,-0.08797184526494775,532594.7410273649,187952.8011958513,,,,https://newriverstudios.com/,E09000014,12/27/2020
Haringey,Music rehearsal studios,Hermitage Works Studios,Hermitage Works 7,Vale Grove,,E09000014,Haringey,51.575102169910146,-0.09292288228321911,532250.9641652661,187970.92185601575,100000000000,E05000278,Seven Sisters,www.hermitageworksstudios.com,E09000014,12/27/2020
Haringey,Music rehearsal studios,Apollo Studio London,Unit 11 Crusader Industrial Estate,Hermitage Road,,E09000014,Haringey,51.57635811536499,-0.09108077810136385,532374.9641322317,188113.92181764462,0,E05000278,Seven Sisters,www.apollostudiolondon.com,E09000014,12/27/2020
Haringey,Music rehearsal studios,Bonafide Studio,14 The Viaduct,St. James Lane,,E09000014,Haringey,51.58830286839939,-0.14221706740097487,528797.9651044146,189350.92148215778,10003975672,E05000274,Muswell Hill,www.bonafidestudio.co.uk,E09000014,12/27/2020
Haringey,Music venues (all),Kenwood House,Kenwood House Hampstead Lane,,,E09000014,Haringey,51.572690503155734,-0.16211896738384235,527462.9654676049,187579.9219617272,10091822697,E05000272,Highgate,www.english-heritage.org.uk/visit/places/kenwood,E09000014,12/27/2020
Haringey,Music venues (all),The Boogaloo,312 Archway Road,,,E09000014,Haringey,51.576375815700324,-0.14372801735748356,528726.9651238031,188021.92184366425,100000000000,E05000272,Highgate,,E09000014,12/27/2020
Haringey,Music venues (all),Three Compasses,62 High Street,,,E09000014,Haringey,51.58726946496048,-0.11855623033193247,530439.9646563908,189277.92150121141,100000000000,E05000273,Hornsey,www.threecompasses.com,E09000014,12/27/2020
Haringey,Music venues (all),The Green Gate Public House,492 West Green Road,,,E09000014,Haringey,51.5879206488545,-0.09927224528125096,531773.9642957548,189384.9214735385,10003976352,E05000282,West Green,,E09000014,12/27/2020
Haringey,Music venues (all),Tchances Arts & Music Centre,399 High Road,,,E09000014,Haringey,51.58984018783343,-0.07089708304395692,533733.9637628229,189649.92139939824,100000000000,E05000268,Bruce Grove,www.t-chances.com,E09000014,12/27/2020
Haringey,Music venues (all),Alexandra Palace,Alexandra Palace ,,,E09000014,Haringey,51.594483474576506,-0.130501427594771,529591.96488741,190058.9212909204,10003974918,E05000266,Alexandra,www.alexandrapalace.com,E09000014,12/27/2020
Haringey,Music venues (all),Antwerp Arms,168-170 Church Road,,,E09000014,Haringey,51.60191522306189,-0.07461643186356053,533440.9638427224,190985.9210379573,100000000000,E05000276,Northumberland Park,www.antwerparms.co.uk,E09000014,12/27/2020
Haringey,Prop and costume making,Pro Airsoft Supplies,252 Archway Road,,,E09000014,Haringey,51.5748202487713,-0.14203071390017888,528848.965090953,187851.92189086328,1.00023E+11,E05000272,Highgate,http://proairsoftsupplies.co.uk,E09000014,12/27/2020
Haringey,Prop and costume making,Sets Appeal Limited,New River Studios,199 Eade Road,,E09000014,Haringey,51.57495228294703,-0.08813787552627506,532582.9640761513,187962.92185947794,1.00023E+11,E05000278,Seven Sisters,http://www.setsappeal.co.uk/about/,E09000014,12/27/2020
Haringey,Pubs,Maid Of Muswell,121 Alexandra Park Road,Muswell Hill,London,E09000014,Haringey,51.59873141232222,-0.13864395587339032,529015.9650456782,190516.92116680864,,E05000266,Alexandra,,E09000014,12/27/2020
Haringey,Pubs,Miller & Carter,87 Muswell Hill Broadway,Muswell Hill,London,E09000014,Haringey,51.5898543695272,-0.14479565146914478,528614.9651544322,189518.92143726768,,E05000274,Muswell Hill,,E09000014,12/27/2020
Haringey,Pubs,John Baird,122 Fortis Green Road,Muswell Hill,London,E09000014,Haringey,51.590197032702456,-0.14599435934421623,528530.965177563,189554.9214274491,,E05000274,Muswell Hill,,E09000014,12/27/2020
Haringey,Pubs,Muswell Hillbilly Taproom,14 Avenue Mews,London,Muswell Hill,E09000014,Haringey,51.590721376468764,-0.14389414151499325,528674.965138081,189616.9214109247,,E05000274,Muswell Hill,,E09000014,12/27/2020
Haringey,Pubs,Roseview Hotel,"2 Queens Avenue, Muswell Hill,",Muswell Hill,London,E09000014,Haringey,51.59213834094393,-0.14478924756204323,528608.9651565144,189772.9213687455,,E05000270,Fortis Green,,E09000014,12/27/2020
Haringey,Pubs,Famous Royal Oak,73 St James's Lane,Muswell Hill,London,E09000014,Haringey,51.588382459731775,-0.14156420489967025,528842.9650920627,189360.92147999338,,E05000274,Muswell Hill,,E09000014,12/27/2020
Haringey,Pubs,Mossy Well,258 Muswell Hill Broadway,London,Muswell Hill,E09000014,Haringey,51.59081820626085,-0.142056739187492,528801.9651031173,189630.92140735046,,E05000274,Muswell Hill,,E09000014,12/27/2020
Haringey,Pubs,Victoria Stakes,1 Muswell Hill,Muswell Hill,London,E09000014,Haringey,51.587473790847206,-0.1341669201697581,529357.9649523841,189272.92150362604,,E05000274,Muswell Hill,,E09000014,12/27/2020
Haringey,Pubs,Ranelagh,82 Bounds Green Road,London,Bounds Green,E09000014,Haringey,51.60784647132757,-0.12544696632544092,529903.9648040959,191553.920883251,,E05000267,Bounds Green,,E09000014,12/27/2020
Haringey,Pubs,Springfield Bar & Grill,133 Bounds Green Road,New Southgate,London,E09000014,Haringey,51.60534656170275,-0.1226327753467516,530105.9647497876,191280.9209579716,,E05000267,Bounds Green,,E09000014,12/27/2020
Haringey,Pubs,K K Mccools,265 West Green Road,South Tottenham,London,E09000014,Haringey,51.58628632060334,-0.08890382656046392,532496.9641001972,189221.92151800246,,E05000277,St. Ann's,,E09000014,12/27/2020
Haringey,Pubs,Green Gate,492 West Green Road,South Tottenham,London,E09000014,Haringey,51.58756653454045,-0.0985074990809817,531827.964280935,189346.9214843911,,E05000282,West Green,,E09000014,12/27/2020
Haringey,Pubs,Five Miles,39b Markfield Road,South Tottenham,London,E09000014,Haringey,51.58326385289217,-0.06472331598334005,534180.9636423804,188929.9215946594,,E05000280,Tottenham Green,,E09000014,12/27/2020
Haringey,Pubs,Mannions Prince Arthur,158 Broad Lane,South Tottenham,London,E09000014,Haringey,51.58472241581624,-0.06428607445642617,534206.9636352403,189092.92155026045,,E05000280,Tottenham Green,,E09000014,12/27/2020
Haringey,Pubs,Fountain,125 West Green Road,South Tottenham,London,E09000014,Haringey,51.584980026867335,-0.07830578289379683,533234.9639001249,189095.92155130405,,E05000280,Tottenham Green,,E09000014,12/27/2020
Haringey,Pubs,True Craft,68 West Green Road,London,South Tottenham,E09000014,Haringey,51.584346463520454,-0.07531568235603488,533443.9638432057,189030.92156845587,,E05000280,Tottenham Green,,E09000014,12/27/2020
Haringey,Pubs,No.8,618 Seven Sisters Road,South Tottenham,London,E09000014,Haringey,51.57831401216325,-0.0819929087707139,532998.9639641477,188347.92175561155,,E05000278,Seven Sisters,,E09000014,12/27/2020
Haringey,Pubs,Balabam,58 High Road,South Tottenham,London,E09000014,Haringey,51.57747798028661,-0.07269030373757666,533645.963786748,188271.92177630193,,E05000278,Seven Sisters,,E09000014,12/27/2020
Haringey,Pubs,Dutch House,148 High Road,South Tottenham,London,E09000014,Haringey,51.58001778822255,-0.07238087148217145,533659.9637834573,188554.92169850843,,E05000278,Seven Sisters,,E09000014,12/27/2020
Haringey,Pubs,No.8,724 High Road,Tottenham,London,E09000014,Haringey,51.60215475524742,-0.067313927063186,533945.9637044499,191025.92102891428,,E05000276,Northumberland Park,,E09000014,12/27/2020
Haringey,Pubs,Coach & Horses,862 High Road,Tottenham,London,E09000014,Haringey,51.606991743999075,-0.06780173491050438,533897.9637176904,191562.92088111304,,E05000276,Northumberland Park,,E09000014,12/27/2020
Haringey,Pubs,Bill Nicholson,102 Northumberland Park,Tottenham,London,E09000014,Haringey,51.605617255659716,-0.06134698467496713,534348.9635956187,191421.92091941362,,E05000276,Northumberland Park,,E09000014,12/27/2020
Haringey,Pubs,New Moon,413 Lordship Lane,Tottenham,London,E09000014,Haringey,51.59784362805198,-0.09123450026585463,532301.9641536665,190502.9211686062,,E05000282,West Green,,E09000014,12/27/2020
Haringey,Pubs,Ship,499 High Road,Tottenham,London,E09000014,Haringey,51.59291861948399,-0.06998709558535236,533787.9637475634,189993.92130702612,,E05000268,Bruce Grove,,E09000014,12/27/2020
Haringey,Pubs,Elbow Room,503-505 High Road,Tottenham,London,E09000014,Haringey,51.59291861948399,-0.06998709558535236,533787.9637475634,189993.92130702612,,E05000268,Bruce Grove,,E09000014,12/27/2020
Haringey,Pubs,Elmhurst,131 Lordship Lane,London,Tottenham,E09000014,Haringey,51.598231879233666,-0.07647600991258979,533322.9638749359,190572.92115007463,,E05000268,Bruce Grove,,E09000014,12/27/2020
Haringey,Pubs,Antwerp Arms,168-170 Church Road,London,Tottenham,E09000014,Haringey,51.601915223066456,-0.07461643186476562,533440.9638426243,190985.92103846255,,E05000276,Northumberland Park,,E09000014,12/27/2020
Haringey,Pubs,Bricklayers Arms,803-805 High Road,Tottenham,London,E09000014,Haringey,51.60612156269263,-0.06847410951778905,533853.963729567,191464.9209080987,,E05000276,Northumberland Park,,E09000014,12/27/2020
Haringey,Pubs,Beehive,Stoneleigh Road,London,Tottenham,E09000014,Haringey,51.593903921535095,-0.06866038309497542,533876.9637233355,190105.92127712246,,E05000281,Tottenham Hale,,E09000014,12/27/2020
Haringey,Pubs,Volunteer,131 Chesnut Road,Tottenham,London,E09000014,Haringey,51.590374059283015,-0.06455125461228062,534171.9636433502,189720.92138050438,,E05000281,Tottenham Hale,,E09000014,12/27/2020
Haringey,Pubs,High Cross,350 High Road,London,Tottenham,E09000014,Haringey,51.58933498601974,-0.06970583862195101,533817.9637399684,189595.92141450598,,E05000281,Tottenham Hale,,E09000014,12/27/2020
Haringey,Pubs,Ferry Boat Inn,Ferry Lane,London,Tottenham,E09000014,Haringey,51.58764455532505,-0.05502404993725176,534839.9634625067,189434.9214575453,,E05000281,Tottenham Hale,,E09000014,12/27/2020
Haringey,Pubs,Brewheadz,"Unit 16a, Rosebery Industrial Park",Tottenham,London,E09000014,Haringey,51.59589761450554,-0.05761706343050645,534635.9635168161,190347.9212105198,,E05000281,Tottenham Hale,,E09000014,12/27/2020
Haringey,Pubs,Bluecoats,614 High Road,London,Tottenham,E09000014,Haringey,51.596074523999306,-0.06832285218834863,533893.963718618,190347.92121226527,,E05000281,Tottenham Hale,,E09000014,12/27/2020
Haringey,Pubs,Victoria,34 Scotland Green,Tottenham,London,E09000014,Haringey,51.59674111174091,-0.06784697037315411,533924.9637101603,190422.92119209107,,E05000281,Tottenham Hale,,E09000014,12/27/2020
Haringey,Pubs,Two Brewers,42 Scotland Green,Tottenham,London,E09000014,Haringey,51.59674111174091,-0.06784697037315411,533924.9637101603,190422.92119209107,,E05000281,Tottenham Hale,,E09000014,12/27/2020
Haringey,Pubs,Welcome Inn,451 Lordship Lane,Wood Green,London,E09000014,Haringey,51.59800779056519,-0.09469294915456265,532061.9642189982,190514.9211661889,,E05000275,Noel Park,,E09000014,12/27/2020
Haringey,Pubs,Nag's Head,203 High Road,Wood Green,London,E09000014,Haringey,51.59700806211828,-0.11015510042787484,530993.9645084031,190375.92120446992,,E05000275,Noel Park,,E09000014,12/27/2020
Haringey,Pubs,Spouters Corner,"Unit 5, Spouter's Corner, 180 High Rd",Wood Green,London,E09000014,Haringey,51.59688501937127,-0.1086586066298399,531097.9644803056,190364.92120758723,,E05000275,Noel Park,,E09000014,12/27/2020
Haringey,Pubs,Westbury,57 Westbury Avenue,Wood Green,London,E09000014,Haringey,51.5938677116252,-0.09779693297266855,531858.9642738084,190048.9212926837,,E05000275,Noel Park,,E09000014,12/27/2020
Haringey,Pubs,Karamel,4 Coburg Road,London,Wood Green,E09000014,Haringey,51.594186465312376,-0.11307304635028269,530799.9645607827,190056.921290437,,E05000275,Noel Park,,E09000014,12/27/2020
Haringey,Pubs,Duke Of Edinburgh,83 Mayes Road,London,Wood Green,E09000014,Haringey,51.5949756466911,-0.11293929281668462,530806.9645588992,190144.92126665218,,E05000275,Noel Park,,E09000014,12/27/2020
Haringey,Pubs,Jolly Anglers,33 Station Road,Wood Green,London,E09000014,Haringey,51.59675179708516,-0.1115518190436311,530897.9645343332,190344.9212127102,,E05000275,Noel Park,,E09000014,12/27/2020
Haringey,Pubs,Phoenix,"Palm Court Entrance, Alexandra Palace, Alexandra Park",London,Wood Green,E09000014,Haringey,51.594483474581075,-0.13050142759598177,529591.9648873142,190058.9212914264,,E05000266,Alexandra,,E09000014,12/27/2020
Haringey,Pubs,Park Inn,12 Palace Gates Road,Wood Green,London,E09000014,Haringey,51.59889702545622,-0.12250876239925222,530132.9647416357,190563.92115306406,,E05000266,Alexandra,,E09000014,12/27/2020
Haringey,Pubs,Starting Gate,Station Road,London,Wood Green,E09000014,Haringey,51.598258171379015,-0.11967620445878287,530330.9646876985,190497.92117074324,,E05000267,Bounds Green,,E09000014,12/27/2020
Haringey,Pubs,Monaghan's Tavern,235-239 High Road,Wood Green,London,E09000014,Haringey,51.59825408022725,-0.1110274917422461,530929.9645257064,190512.92116736766,,E05000284,Woodside,,E09000014,12/27/2020
Haringey,Pubs,Lord Nelson,232-234 High Road,Wood Green,London,E09000014,Haringey,51.598071249971106,-0.11028425514359842,530981.9645116557,190493.9211725812,,E05000284,Woodside,,E09000014,12/27/2020
Haringey,Pubs,Step,101 Myddleton Road,Wood Green,London,E09000014,Haringey,51.606322613642874,-0.11788463596947622,530431.9646623479,191397.92092657386,,E05000267,Bounds Green,,E09000014,12/27/2020
Haringey,Pubs,Bohem Brewery Tap Room,120a Myddleton Rd,London,Bowes Park,E09000014,Haringey,51.60661758960541,-0.11833457317224312,530399.9646711281,191429.92091785913,,E05000267,Bounds Green,,E09000014,12/27/2020
Haringey,Pubs,Prince,1 Finsbury Road,London,Wood Green,E09000014,Haringey,51.60253041852574,-0.11636629201508772,530547.9646295917,190978.92104043817,,E05000267,Bounds Green,,E09000014,12/27/2020
Haringey,Pubs,Clissold Arms,105 Fortis Green,East Finchley,London,E09000014,Haringey,51.590726118552176,-0.1544615941966333,527942.965338834,189598.92141454289,,E05000270,Fortis Green,,E09000014,12/27/2020
Haringey,Pubs,Brouhaha,499-501 Green Lanes,Finsbury Park,London,E09000014,Haringey,51.58110348759274,-0.09977306310445244,531758.9642978825,188625.9216800194,,E05000271,Harringay,,E09000014,12/27/2020
Haringey,Pubs,Beaconsfield,357 Green Lanes,Finsbury Park,London,E09000014,Haringey,51.57597081759135,-0.09878917804631258,531841.9642747516,188056.92183232168,,E05000271,Harringay,,E09000014,12/27/2020
Haringey,Pubs,Old Ale Emporium,405 Green Lanes,Finsbury Park,London,E09000014,Haringey,51.57777441235591,-0.09910362945014889,531814.964282299,188256.9217787615,,E05000271,Harringay,,E09000014,12/27/2020
Haringey,Pubs,Salisbury,"1 Grand Parade, Green Lanes",London,Harringay,E09000014,Haringey,51.58184327891768,-0.09936694288854034,531784.9642910514,188708.92165782605,,E05000277,St. Ann's,,E09000014,12/27/2020
Haringey,Pubs,Twelve Pins,263 Seven Sisters Road,Finsbury Park,London,E09000014,Haringey,51.56527171129802,-0.10502100827792298,531440.9643864683,186855.92216048721,,E05000271,Harringay,,E09000014,12/27/2020
Haringey,Pubs,Faltering Fullback,19 Perth Road,Finsbury Park,London,E09000014,Haringey,51.56865634167803,-0.10857434166639598,531184.9644552043,187225.92206043267,,E05000279,Stroud Green,,E09000014,12/27/2020
Haringey,Pubs,Nicholas Nickleby,6 Ferme Park Road,Finsbury Park,Stroud Green,E09000014,Haringey,51.57491433011199,-0.11299052769789089,530860.9645427546,187913.92187187093,,E05000279,Stroud Green,,E09000014,12/27/2020
Haringey,Pubs,Wrestlers,98 North Road,Highgate,London,E09000014,Haringey,51.57434194075839,-0.14932371625677304,528344.9652274192,187785.921907163,,E05000272,Highgate,,E09000014,12/27/2020
Haringey,Pubs,Bull,13 North Hill,London,Highgate,E09000014,Haringey,51.57547321253317,-0.15092300804329312,528230.9652579201,187908.9218734682,,E05000272,Highgate,,E09000014,12/27/2020
Haringey,Pubs,Gatehouse,1 North Road,London,Highgate,E09000014,Haringey,51.57196579674986,-0.15032934953577654,528281.9652451656,187519.92197905743,,E05000272,Highgate,,E09000014,12/27/2020
Haringey,Pubs,Red Lion & Sun,25 North Road,Highgate,London,E09000014,Haringey,51.57305023417953,-0.15009772979753588,528294.9652413274,187640.92194630438,,E05000272,Highgate,,E09000014,12/27/2020
Haringey,Pubs,Highgate,385 Archway Road,Highgate,London,E09000014,Haringey,51.5783293055652,-0.1489885728580085,528356.9652231577,188229.92178667407,,E05000272,Highgate,,E09000014,12/27/2020
Haringey,Pubs,Boogaloo,312 Archway Road,Highgate,London,E09000014,Haringey,51.57661630987331,-0.1441511885696502,528696.965131788,188047.92183698068,,E05000272,Highgate,,E09000014,12/27/2020
Haringey,Pubs,Duke's Head,16 Highgate High Street,London,Highgate,E09000014,Haringey,51.57063817147671,-0.14654474773908252,528547.9651735625,187378.922018081,,E05000272,Highgate,,E09000014,12/27/2020
Haringey,Pubs,Woodman,414 Archway Road,London,Highgate,E09000014,Haringey,51.5776490436373,-0.14690904966217988,528502.9651839803,188157.92180652008,,E05000272,Highgate,,E09000014,12/27/2020
Haringey,Pubs,Toll Gate,26-30 Turnpike Lane,Hornsey,London,E09000014,Haringey,51.58987993410616,-0.10587448909811861,531310.9644217442,189590.9214175223,,E05000275,Noel Park,,E09000014,12/27/2020
Haringey,Pubs,Wellington,679 Green Lanes,Hornsey,London,E09000014,Haringey,51.58633044996105,-0.10102748639987709,531656.9643267083,189204.921523483,,E05000271,Harringay,,E09000014,12/27/2020
Haringey,Pubs,Jam in a jar,599 Green Lanes,Hornsey,,E09000014,Haringey,51.584946651877125,-0.10053663443604172,531694.9643159353,189051.92156534607,,E05000271,Harringay,,E09000014,12/27/2020
Haringey,Pubs,Hope & Anchor,128 Tottenham Lane,Hornsey,London,E09000014,Haringey,51.5840795504684,-0.11646503420618633,530593.9646133764,188926.92159744515,,E05000273,Hornsey,,E09000014,12/27/2020
Haringey,Pubs,Three Compasses,62 High Street,Hornsey,London,E09000014,Haringey,51.58737366869573,-0.11944692288714272,530377.9646732978,189287.92149902805,,E05000273,Hornsey,,E09000014,12/27/2020
Haringey,Pubs,Tav,18 Hornsey High St,London,Hornsey,E09000014,Haringey,51.58710736557653,-0.12078596228095219,530285.9646984218,189255.92150775215,,E05000273,Hornsey,,E09000014,12/27/2020
Haringey,Pubs,Great Northern Railway Tavern,67 High Street,Hornsey,London,E09000014,Haringey,51.58799260326127,-0.11654869339649206,530576.9646194429,189361.92147902906,,E05000273,Hornsey,,E09000014,12/27/2020
Haringey,Pubs,Kings Head,2 Crouch End Hill,London,Crouch End,E09000014,Haringey,51.57796102294154,-0.12465573111881126,530043.9647657484,188231.921786631,,E05000269,Crouch End,,E09000014,12/27/2020
Haringey,Pubs,Railway Tavern,23 Crouch End Hill,Hornsey,Crouch End,E09000014,Haringey,51.57757851602473,-0.12435395759883704,530065.9647597881,188189.92179807735,,E05000269,Crouch End,,E09000014,12/27/2020
Haringey,Pubs,Princess Alexandra,120 Park Road,Hornsey,Crouch End,E09000014,Haringey,51.58284508661178,-0.12754361136294043,529829.9648240965,188769.92163933994,,E05000274,Muswell Hill,,E09000014,12/27/2020
Haringey,Pubs,Priory,169 Priory Road,Hornsey,Crouch End,E09000014,Haringey,51.58726418975233,-0.13286188667070248,529448.9649276042,189251.92150918918,,E05000274,Muswell Hill,,E09000014,12/27/2020
Haringey,Pubs,Small Beer,"22 Topsfield Parade, Tottenham Lane",Hornsey,Crouch End,E09000014,Haringey,51.58100857110192,-0.12235087837117778,530194.9647236812,188574.92169280705,,E05000269,Crouch End,,E09000014,12/27/2020
Haringey,Pubs,Maynard Arms,70 Park Road,Crouch End,London,E09000014,Haringey,51.58169827767197,-0.1261185058882102,529931.9647960352,188644.92167366337,,E05000274,Muswell Hill,,E09000014,12/27/2020
Haringey,Pubs,Kiss the Sky,18-20 Park Road,Hornsey,Crouch End,E09000014,Haringey,51.58079224485423,-0.12456809366377283,530041.9647658512,188546.92170048354,,E05000269,Crouch End,,E09000014,12/27/2020
Haringey,Pubs,Banners,21 Park Road,Hornsey,Crouch End,E09000014,Haringey,51.58068187478735,-0.12497676848535172,530013.964773575,188533.92170404893,,E05000269,Crouch End,,E09000014,12/27/2020
Haringey,Pubs,Art House,159A Tottenham Lane,Hornsey,London,E09000014,Haringey,51.582051816352454,-0.11955105157052755,530385.9646707262,188695.92165987764,,E05000269,Crouch End,,E09000014,12/27/2020
Haringey,Pubs,Queens,26 Broadway Parade,Hornsey,Crouch End,E09000014,Haringey,51.58047076460239,-0.12245963494987754,530188.9647254623,188514.92170917598,,E05000269,Crouch End,,E09000014,12/27/2020
Haringey,Pubs,Funky Brownz,5 Tottenham Lane,Hornsey,London,E09000014,Haringey,51.58588006581341,-0.1121178703634694,530889.9645339763,189134.92154136044,,E05000273,Hornsey,,E09000014,12/27/2020
Haringey,Pubs,Harringay Arms,153 Crouch Hill,London,Crouch End,E09000014,Haringey,51.57727434155179,-0.12332735080713549,530137.9647401506,188157.92180667957,,E05000269,Crouch End,,E09000014,12/27/2020
Haringey,Set and exhibition building,Manktelow Limited,1a Saxon Road,,,E09000014,Haringey,51.60089465825837,-0.09692585953451181,531898.9642636001,190831.92108102405,100000000000,E05000284,Woodside,http://www.manktelow.co.uk,E09000014,12/27/2020
Haringey,Set and exhibition building,Setbuild Limited,Unit 4D Triumph Trading Estate,Tariff Road,,E09000014,Haringey,51.6067553752227,-0.05947883576676295,534474.9635616229,191551.92088375113,100000000000,E05000276,Northumberland Park,http://www.setbuilduk.com,E09000014,12/27/2020
Haringey,Set and exhibition building,Sets Appeal Limited,New River Studios,199 Eade Road,,E09000014,Haringey,51.57495228294703,-0.08813787552627506,532582.9640761513,187962.92185947794,100000000000,E05000278,Seven Sisters,http://www.setsappeal.co.uk/about/,E09000014,12/27/2020
Haringey,Skate Parks,Alexandra-Palace,,,,E09000014,Haringey,51.595592743568616,-0.13085440680377763,529564.3638819952,190181.65221498167,0,E05000266,Alexandra,,E09000014,12/27/2020
Haringey,Skate Parks,Finsbury-Park,,,,E09000014,Haringey,51.567502462691095,-0.10474397636204184,531453.7409329207,187104.48624108452,0,E05000271,Harringay,,E09000014,12/27/2020
Haringey,Skate Parks,West-Green,,,,E09000014,Haringey,51.59525220568417,-0.08597479688484995,532673.7816174119,190224.27903110097,0,E05000282,West Green,,E09000014,12/27/2020
Haringey,Skate Parks,Muswell-Hill,,,,E09000014,Haringey,51.60238276340166,-0.15768449354547126,527687.0553722088,190889.56266672723,0,E05000270,Fortis Green,,E09000014,12/27/2020
Haringey,Textile design,Cannon Street Jersey Fabrics,16 Ashley Road,,,E09000014,Haringey,51.59043779874904,-0.06187776029363807,534356.9635929215,189732.9213770872,10022940861,E05000281,Tottenham Hale,http://www.csjf.co.uk/,E09000014,12/27/2020
Haringey,Textile design,Fashion Enter Ltd,Unit 14,167 Hermitage Road,,E09000014,Haringey,51.577036554698175,-0.0913265800673865,532355.9641373358,188188.92179791827,100023183151,E05000278,Seven Sisters,http://www.fashion-enter.com,E09000014,12/27/2020
Haringey,Textile design,Lemon Head Prints,Unit B003,The  Chocolate Factory,5 Clarendon Road,E09000014,Haringey,51.5945664067168,-0.11489089760149938,530672.964595097,190095.9212797584,10003979446,E05000275,Noel Park,http://www.lemonheadprints.co.uk/,E09000014,12/27/2020
Haringey,Theatre rehearsal studio,NLPAC Performing Arts,76 St James Lane,Muswell Hill,,E09000014,Haringey,51.588144692433204,-0.139610629108704,528978.9649329948,189337.92136412027,10003973500,E05000274,Muswell Hill,www.nlpac.co.uk,E09000014,12/27/2020
Haringey,Theatre rehearsal studio,Jacksons Lane,269a Archway Road,,,E09000014,Haringey,51.57710994812624,-0.14636811088570192,528541.9650514536,188098.9217005815,100023196841,E05000272,Highgate,www.jacksonslane.org.uk,E09000014,12/27/2020
Haringey,Theatre rehearsal studio,Red Hedgehog,255-257 Archway Road,,,E09000014,Haringey,51.5758995211053,-0.14374742117527436,528726.9650016364,187968.92173656722,10022938228,E05000272,Highgate,www.theredhedgehog.co.uk,E09000014,12/27/2020
Haringey,Theatre rehearsal studio,Total Boxer,21 Cranford Way,,,E09000014,Haringey,51.58215604153271,-0.11092979549300121,530982.964386134,188722.92153117416,200002799682,E05000279,Stroud Green,https://totalboxer.com/,E09000014,12/27/2020
Haringey,Theatres,Upstairs at The Gatehouse,Highgate Village,NA,NA,E09000014,Haringey,51.57246809026717,-0.15193565469927509,528169.2429534472,187572.96604230296,5166442,E05000272,Highgate,http://www.upstairsatthegatehouse.com/,E09000014,12/27/2020
Haringey,Theatres,The Red Hedgehog,255 - 257 Archway Road, Highgate,NA,E09000014,Haringey,51.57665106807653,-0.14557858750118682,528597.963836408,188049.2788142559,100021000000,E05000272,Highgate,http://www.theredhedgehog.co.uk/,E09000014,12/27/2020
Haringey,Theatres,Alexandra Palace Theatre,Alexandra Palace, Alexandra Palace Way,NA,E09000014,Haringey,51.5949839472599,-0.1321109644549455,529479.061495948,190111.7258551492,10003974918,E05000266,Alexandra,http://www.alexandrapalace.com/,E09000014,12/27/2020
Haringey,Theatres,Theatre N16 ,5 Ashley Road,NA,NA,E09000014,Haringey,51.59065970940856,-0.06274564864095836,534296.1931873193,189756.0035487981,10003979036,E05000281,Tottenham Hale,https://www.theatren16.co.uk/,E09000014,12/27/2020
Haringey,Theatres,Ralph Richardson Memorial Studios ,Mountview Theatre School, 104 Crouch Hill,NA,E09000014,Haringey,51.57658776530412,-0.12348818803030576,530128.7790206951,188081.28550553275,100021000000,E05000269,Crouch End,NA,E09000014,12/27/2020
Haringey,Theatres,Bernie Grant Arts Centre,Town Hall Approach Rd, Tottenham Green,NA,E09000014,Haringey,51.58808292873386,-0.07400867718298278,533523.5698983439,189448.8181324675,10091817474,E05000280,Tottenham Green,https://www.berniegrantcentre.co.uk/,E09000014,12/27/2020
Haringey,Theatres,Jacksons Lane,269A Archway Rd, Highgate,NA,E09000014,Haringey,51.577612608047424,-0.14797529212998115,528429.1903817657,188151.9989858846,100023000000,E05000272,Highgate,https://www.jacksonslane.org.uk/,E09000014,12/27/2020
Haringey,Theatres,Arthouse,159A Tottenham Lane,NA,NA,E09000014,Haringey,51.582338135018,-0.12154866956516953,530246.7478869626,188724.2030300203,100023000000,E05000273,Hornsey,NA,E09000014,12/27/2020
